user_name,ethereum_address
Kristy Shaw,0x605fe81c19f02E12D1EaE951446deeb7dd6C8f1c
Kristina Martin,0x5EdD772b99fdDBA80Ca633c953D78CA3f6a5f89f
Christina Deleon,0x43cEf17c0C76dB5d2C75051c68DC63Ef3aA62c48
Janice Ayers,0x046Ae27c9A9435fe89a6a08E7d4660150Dd5cE83
Kenneth Wallace,0x5bA8916f4Ce00868043DFC3b8b500C0315827253
Gabriel Williams,0xc74C864BA5760A105bc1D24Bff0fEfC0A072b376
Douglas Wright,0x635DeBc7467Dea06035d43Db76F1BFB792B2A006
Jason Gallegos,0x383459b991436b53D3A2020b64Df244e4450B58A
Jamie Taylor,0x561d8dF7efdA717F3e08b71BAeED52CA0cce0d91
Aaron Horton,0xb70960866b810C30089da3A17bc4B6C023e156E3
Christopher Parker,0x936CCa899c5Df70Dd31e4cE9bC0B33Fe02F3dA43
Jose Smith,0x5c9f4B7B047eD93B11426bA9E6a57548e040796C
David Jensen,0x7e518920f20968710d027337673a6F36EF0d79d9
Steven Smith,0x94Cf7E22937B78E5ad99Df2E650A3c7Bb999f10B
Aaron Fletcher,0xDF53ddC16b5dfdcBf2Ed96E57C9008cfC408B435
Grant Fernandez,0x7430314b15ec9B6674dddf91A88cc2d839dA63Db
Ashley Massey,0x91a98Fa18bC536Eac53fe0EfD84fF95b197c3976
Maria Phillips,0x7aec2123f664aEC3652B5155E11DF5C787b704df
Kristen Austin,0x1386D13BF2A41bC18593E83165e0Ca8225D93d27
Tanner Price,0x9aDB75e3CF6CE73Ef0bCFF07BBD4f0a4FC8A827c
Terry Parker,0xe4b0e5351c2fd0eff0E31a724d8c38CB746d6143
Misty Hicks,0x2117769E1Fd22F35C91161fDEFc767E8e6f9e680
Amanda Rodriguez,0x3955100A18d73dEC0AF3036d41e199b9Fe5eee6e
Michael Lopez,0xDA172B44D39E39Ab4B3392b3e15B133976D41efb
Amber Watson,0xde862334A9c06Ef88b335d535f66FA45a0e4cc41
Jared Hall,0x20AcFe6572Fa8f842b541042EBeCfFBfFEb9a74b
Stephanie Hernandez,0xB682863943b70cA88788E7E800b9df7d7FC572a7
Katie Moreno,0xEFf2a479Df7628a134d13B6e07D4a5b1FD030Fc1
Allison Wilkinson,0x175A2BdC697023a77483A0e461E8d9019eE2d0F6
Mary Robinson,0x1c17c70DE120F8DF9817c675705B999726690e92
Scott Best,0xbb92929B10EeDE6F7bd2A419d699c465C805658B
Taylor Scott,0x6FC37D397900B960B5A6b157605BA91760f06026
Ray Daugherty,0x5caaCF4C1A25D114b2C1F0bD0d9369bA4D903cB6
Dawn Coleman,0x6b943781ff831D810f5f5986F267822f33504a68
Amber Brooks,0x09057fb572884b02179DEFf311E0a94a202bE0F3
Steven Taylor,0xd67F8e479eed37C8F1620809715EaeF974714e33
Sara Snyder,0x372D856Ba3a5BFDB1d7f905f4D93dE25Bbf48367
Jose Wright,0xCC0C2dEbD2EE1D8465391Bb7780fa3551C6D5bAf
Kim Mullen,0xEA95Cf410426228b8380c83059d955E2b37F03F4
Ralph Murphy,0xAAd3563c060550d57dD749E7fd31AE9f4a3d1a2E
Juan Morales,0x64ecCd63E20475579D14734Ce65f507930ec7749
Andrew Evans Jr.,0x3bb22B567E68c23F5633e2031E659a742e182BE7
Jessica Becker,0x01FAd2cf049a4b140Ac35ee7F2bCC3cF0D5FcA3E
Daniel Peterson,0x656aAcB2fa85CD50476CB7690bAb029A3BCE9FD7
Andrew Lee,0xcC07450717d07F3aE577243dE2901Fb7eE2321f9
Steven James,0x9FF8B84091deC3d47E55Ab800CB017cfb8b03515
Joshua Johnson,0x00991fDA88B68985b0fe8b0543c07716e77a860F
Lisa Martinez,0xe66B1ABbBa79bD2cC50b61eBFFfa7A412672a7f2
Cheyenne Castillo,0xd16ac44979AD569FcC8a9dB3c793eFc1041DE3E7
Brian Cortez,0x0B3EB185c330dC061D8b02D39c1f148b852fe023
Kevin Ferguson,0x69Ff211206C1cB65642c053C1b0D27f1FE662b81
Aaron Baker,0x4C5331ada007Cfc0AAB775CAa59691432ab80d26
Rodney Gray,0x8ab26513511a2A1aa2BeD381EA9c051E94aB7851
Kelly Orr,0xd7A4D11025522bd3DfDC500f0F70Fa31E97ACDF0
Frederick Martin MD,0xFBDfb752fb39d8f2635cC4Fb8d9844f44B7275E9
Jeffrey Potts,0xF4bEfA91E69Bd8534e83697C0dfDbFe24f36773C
John Stark,0xEa0abced25f181d27e181f98c3E88a576Ae73a82
Mercedes Cortez,0x920416023E445bC7CDDB4032998b678Ed528E86b
Tommy Phillips,0xbB83c50365Ab34B774BE2e9d6e83752949bE6e10
Melissa Roberts,0x44c07ba1F81926C3eCB732589A1909B5F47E8FBF
Cody Forbes,0xec73Ce928a3923CA7c1F771cd812290eBc727759
Amanda Diaz,0x270BCF0A370784dD35790Baca1ae63FF0E1Af790
Jay Rodriguez,0xe5d57CFB5Dcfa19DC455b72A61DD54D858C79867
James Moore,0xb4fF2d0850803E30fF01fBee175D0Da9D7221584
Douglas Robles,0xc3544aDD8253DF18C1a98126f5AC13ae28C7C8f2
Lisa Wagner,0xf3603F7ED3dF9980891Dc23a7877f3117E7Efcb5
Christina Hill,0xD6015A9FC18727539e7577F7266680890382c753
Kendra Molina,0x07431CE47B7f2D43b419D0960700D90Ce63Ab9AF
Christina Wallace,0x9524EAa391683Be2b7876764E6255bf71840d632
Natasha Brown,0xDc234CD0eDdf41c68D22e473F14aD4f08033c4FB
David Jones,0xA02Dabb1D36e67B4d191C5939BEaD5DeBf612E63
Morgan Gilbert,0x7CDFa56708cd284bE52448cFbC66A9B4c3F33645
Walter Strickland,0x3EBF9a2d89c983d6Fc734A33bD5409BB3573795d
Robert Jones,0x61Dc205698659AE94581D601EAc01417B98293C9
Darin Hines,0xB80A877cDf88Acd5480129090618D3Bb893D9e13
Todd Brown,0xADDc960b75B1e406069Fe5e0Fb7249B93c8328Ca
Mark Rose,0xAF235b701A0Dd967C4fbfb1FE68978F07843E408
Ann Hernandez,0xF4C753E385ac165797aAaE4a5628A2e46529EB24
Thomas Robinson,0x74379169cAE1Be614568b9b5B7cc8e9282A6f273
Richard Hansen,0x124E2E09e67C709a537819a47C8140c66f53c74F
Heather Wilson,0xD51A01D6377c8D76e00C3515258f184F7754b2d4
Alexandra Smith,0x019F23c7e45F9690D0bbEd85Ebe01eBf87eFbbA1
Matthew Nichols,0xd9085Aa5B5c01D37B9D8194D5D4f3457d21be352
Christopher Cuevas,0xacac560D71Fe0539D990b26AC5CFCB212d205070
Joshua Hutchinson,0xc09D6EC1371812e0BCB32DA4EA3F5649Fb922FE4
Dominique Davis,0x8CDBf9Bc295E316Ace878423D6FA6b761CaD3536
Jocelyn Spears,0x57d3ff65f8a0BA6aEd534D1e1bBB7ee9A783F6B4
Jessica Santos,0xe7Ab8B1fBf9bE4F6C4032CEEC142f9979434eacA
Calvin Roberts,0x44FDBEcE36D34b81909f9Dd9C5ec6815C99bBb1A
Dorothy Barnes,0x843D05FC987Fbe3239B2e2115b9dCB2A1996C5D3
Amanda Martinez,0x3057702D273909821537a0475Be9C28A7e72Adf8
Taylor Baldwin,0x456226CCE791A72b1267F27eE4eB1D4Ba94ba572
Isaiah Ferguson,0xbb70329f2e6a55F3988015Ebd5CF20728b0316ac
Lisa Carter,0x8fCDb1D9996414Cf9636cae565FB1A22A8106014
Jodi Chavez,0xD02BbE56d3f679585E1bc71F8aa00C435dFb95BF
Micheal Lindsey,0x7e3B6C1780A54A79510c53b5f35AEBFa3F22b2C0
Michael Mercado,0x6847487cbA942f239E8E4b6C4691dDE7B78F9E0c
Jackie Gomez,0xf34F9301fEA870Effe6Eee3fe9fcB5E885Df20F7
Christopher Sandoval,0x58aA07F64C3D6aF4D758a05BdEAc4Cb43378e875
Patrick Diaz,0x70805c0Ee483c2a5201E75fd70e7cAd922113E71
Tara Woodward,0xF5120207b691181db23a20C8cfAEe946AB41de45
Miss Caitlin Booth MD,0xc3EE1e737cE820E128a9dA9782C4782A95E173c7
Andrew Hall,0x9DFafdDae60A61480f2007164a7C32BD3D5CFfAF
Kristin Jackson,0x216E4225eeAae8A606cA4B60b671ACc388ebD7F7
Jennifer Harding,0xf2F1EB55695452c6e3E3E5857BDE6aF2BaFC951D
Lindsay Burke,0x632B8fB35AD572515c22167e5cbCEF5C0F68209A
Rachel Norman,0x896246D89fbfFcdaa12405dd02A6f46653Cc4eFf
Autumn Ramirez,0x4fA523308B8cf40C58a6D223994e91a95807fE2D
Joshua Blair,0xF0D1a44F37bbcaF73f3a96C71248307Ed997dd21
Manuel Mckinney,0x9739F27e373b754336c20daD4E509b4b79F9B95f
Julia Hart,0xbFB7e2A357cb69d59e95fc854853385e7Cac78e8
Justin Gonzalez,0x0c714cBbF95118cd92550A4088A4a7AB6B42C71c
Barry Davis,0x131a6c9a53afF721D9bF5464Ce40421995A10a25
Stanley Mcdonald,0xcF13975FEe0E229E3824505333e6C6616966f910
Tonya Owens,0xB5D14a84B346FD6a252E9d663651eB10e44B7c0b
Elizabeth Flores,0x04e676c307e4548Ce12eB0DF94e8C0a27297c696
Cassandra Griffin,0x00377Da83F9a3cbcc9A7c59aF101B914d84Bfe07
Kerry Mitchell,0x585f5625520578b7d5022b5ae0299cE9019B5B50
Michelle Bradford MD,0x7f2BA74D5eDddfF9727322BC668A7bADb74115B6
Joseph Clark,0xFdE32b87a73cb01FE2Da4A57d362fC5f5fdaEB75
John House,0xD81bDeD1027acd51476269e9803e651ad0b0fbD4
Jordan Davidson,0x4599093d8CFA72F447fb0ccaCb014C8C1A8127a7
Jonathan Griffin,0xfDe52A8756E0eb1c819C5615D70f38597865dA92
Dana Bowman,0xEB119E8b842BfCECB4D26784053fBAfD1518cE1E
Nicholas Kelley,0xBB284FE2CbaB3cA6336E28E4b7367D174345d887
Brandon Frank,0x5a9c1EA1C74ec4195752E2520c4717CE633be3c2
Cindy Nelson,0x1E93b216d567379222F2E4C02Bc8Ef5a7A9AB263
Lauren Lee,0xE4E788e6dfc2062148Ef1D6df9D603825B5E3972
